,c_dest,c_cit,weight,scaled,gdp_diff,dest_gdp,cit_gdp
97,Austria,Belgium,1880,0.00022097405835078598,3200.0,39000.0,35800.0
98,Austria,Bulgaria,15942,0.0018738129990575692,33100.0,39000.0,5900.0
99,Austria,Croatia,61959,0.007282623234764015,28700.0,39000.0,10300.0
100,Austria,Cyprus,148,1.7395830125487405e-05,18300.0,39000.0,20700.0
101,Austria,Czechia,10908,0.0012821196960055177,24100.0,39000.0,14900.0
102,Austria,Denmark,1051,0.00012353390176950854,-8100.0,39000.0,47100.0
103,Austria,Estonia,439,5.1599793412763324e-05,23800.0,39000.0,15200.0
104,Austria,Finland,1331,0.00015644493173664687,1400.0,39000.0,37600.0
105,Austria,France,7132,0.0008382909490201093,6600.0,39000.0,32400.0
106,Austria,Germany,164820,0.019372842711370502,2700.0,39000.0,36300.0
107,Austria,Greece,4472,0.0005256361643322952,22600.0,39000.0,16400.0
108,Austria,Hungary,46264,0.005437842465713171,28300.0,39000.0,10700.0
109,Austria,Iceland,180,2.115709069316036e-05,-1900.0,39000.0,40900.0
110,Austria,Ireland,1138,0.0001337598289378694,-3000.0,39000.0,42000.0
111,Austria,Italy,20195,0.0023737080363798527,12300.0,39000.0,26700.0
112,Austria,Latvia,1161,0.00013646323497088433,27200.0,39000.0,11800.0
113,Austria,Liechtenstein,382,4.490004802659587e-05,-94200.0,39000.0,133200.0
114,Austria,Lithuania,1175,0.00013810878646924123,26500.0,39000.0,12500.0
115,Austria,Luxembourg,714,8.392312641620276e-05,-50200.0,39000.0,89200.0
116,Austria,Malta,70,8.227757491784585e-06,19400.0,39000.0,19600.0
117,Austria,Netherlands,7824,0.0009196282087960369,-800.0,39000.0,39800.0
118,Austria,Norway,618,7.26393447131839e-05,-34300.0,39000.0,73300.0
119,Austria,Poland,50271,0.005908822812421469,28300.0,39000.0,10700.0
120,Austria,Portugal,2775,0.0003261718148528889,22400.0,39000.0,16600.0
121,Austria,Romania,59702,0.007017336825350332,31400.0,39000.0,7600.0
122,Austria,Slovakia,28612,0.0033630371050705787,25000.0,39000.0,14000.0
123,Austria,Slovenia,11289,0.0013269022046393738,20800.0,39000.0,18200.0
124,Austria,Spain,5289,0.0006216658482006952,16700.0,39000.0,22300.0
125,Austria,Sweden,2816,0.00033099092995521985,-5700.0,39000.0,44700.0
126,Austria,Switzerland,7515,0.000883308536439445,-26300.0,39000.0,65300.0
127,Austria,United Kingdom,9293,0.0010922935767307734,3600.0,39000.0,35400.0
160,Belgium,Austria,2721,0.00024336275270909878,-3200.0,35800.0,39000.0
162,Belgium,Bulgaria,25635,0.0022927615456441557,29900.0,35800.0,5900.0
163,Belgium,Croatia,1220,0.00010911523642230816,25500.0,35800.0,10300.0
164,Belgium,Cyprus,409,3.6580435816986915e-05,15100.0,35800.0,20700.0
165,Belgium,Czechia,3329,0.000297741493483495,20900.0,35800.0,14900.0
166,Belgium,Denmark,2774,0.00024810300478318265,-11300.0,35800.0,47100.0
167,Belgium,Estonia,970,8.675555682757288e-05,20600.0,35800.0,15200.0
168,Belgium,Finland,2857,0.0002555264184086348,-1800.0,35800.0,37600.0
169,Belgium,France,155889,0.013942512369374752,3400.0,35800.0,32400.0
170,Belgium,Germany,39440,0.0035274630528654375,-500.0,35800.0,36300.0
171,Belgium,Greece,15892,0.0014213601124781323,19400.0,35800.0,16400.0
172,Belgium,Hungary,5820,0.0005205333409654373,25100.0,35800.0,10700.0
173,Belgium,Iceland,255,2.2806873186629984e-05,-5100.0,35800.0,40900.0
174,Belgium,Ireland,4011,0.0003587386994179328,-6200.0,35800.0,42000.0
175,Belgium,Italy,156419,0.01398991489011559,9100.0,35800.0,26700.0
176,Belgium,Latvia,1708,0.00015276133099123142,24000.0,35800.0,11800.0
177,Belgium,Liechtenstein,9,8.0494846541047e-07,-97400.0,35800.0,133200.0
178,Belgium,Lithuania,2266,0.00020266813584668056,23300.0,35800.0,12500.0
179,Belgium,Luxembourg,4331,0.000387359089299194,-53400.0,35800.0,89200.0
180,Belgium,Malta,433,3.8726965058081505e-05,16200.0,35800.0,19600.0
181,Belgium,Netherlands,145950,0.013053580947406456,-4000.0,35800.0,39800.0
182,Belgium,Norway,1205,0.00010777365564662404,-37500.0,35800.0,73300.0
183,Belgium,Poland,64908,0.00580528833254031,25100.0,35800.0,10700.0
184,Belgium,Portugal,41095,0.0036754841317825854,19200.0,35800.0,16600.0
185,Belgium,Romania,56695,0.005070728138494067,28200.0,35800.0,7600.0
186,Belgium,Slovakia,5663,0.0005064914621799436,21800.0,35800.0,14000.0
187,Belgium,Slovenia,974,8.711331170108865e-05,17600.0,35800.0,18200.0
188,Belgium,Spain,57288,0.005123765298492779,13500.0,35800.0,22300.0
189,Belgium,Sweden,4093,0.000366072674325006,-8900.0,35800.0,44700.0
190,Belgium,Switzerland,2050,0.00018334937267682928,-29500.0,35800.0,65300.0
191,Belgium,United Kingdom,24105,0.0021559203065243757,400.0,35800.0,35400.0
192,Bulgaria,Austria,233,3.215710554031045e-05,-33100.0,5900.0,39000.0
193,Bulgaria,Belgium,171,2.360027917336089e-05,-29900.0,5900.0,35800.0
195,Bulgaria,Croatia,51,7.0386797534585106e-06,-4400.0,5900.0,10300.0
196,Bulgaria,Cyprus,141,1.9459879318385294e-05,-14800.0,5900.0,20700.0
197,Bulgaria,Czechia,371,5.1202944873198186e-05,-9000.0,5900.0,14900.0
198,Bulgaria,Denmark,83,1.1455106265432478e-05,-41200.0,5900.0,47100.0
199,Bulgaria,Estonia,48,6.624639767960951e-06,-9300.0,5900.0,15200.0
200,Bulgaria,Finland,58,8.004773052952816e-06,-31700.0,5900.0,37600.0
201,Bulgaria,France,427,5.8931691269152626e-05,-26500.0,5900.0,32400.0
202,Bulgaria,Germany,1167,0.00016106155435855062,-30400.0,5900.0,36300.0
203,Bulgaria,Greece,2315,0.0003195008554756167,-10500.0,5900.0,16400.0
204,Bulgaria,Hungary,148,2.04259726178796e-05,-4800.0,5900.0,10700.0
205,Bulgaria,Iceland,11,1.5181466134910514e-06,-35000.0,5900.0,40900.0
206,Bulgaria,Ireland,101,1.3939346178417834e-05,-36100.0,5900.0,42000.0
207,Bulgaria,Italy,767,0.00010585622295887604,-20800.0,5900.0,26700.0
208,Bulgaria,Latvia,87,1.2007159579429224e-05,-5900.0,5900.0,11800.0
209,Bulgaria,Liechtenstein,0,0.0,-127300.0,5900.0,133200.0
210,Bulgaria,Lithuania,82,1.131709293693329e-05,-6600.0,5900.0,12500.0
211,Bulgaria,Luxembourg,4,5.520533139967459e-07,-83300.0,5900.0,89200.0
212,Bulgaria,Malta,13,1.7941732704894242e-06,-13700.0,5900.0,19600.0
213,Bulgaria,Netherlands,309,4.264611850624862e-05,-33900.0,5900.0,39800.0
214,Bulgaria,Norway,52,7.176693081957697e-06,-67400.0,5900.0,73300.0
215,Bulgaria,Poland,997,0.00013759928851368893,-4800.0,5900.0,10700.0
216,Bulgaria,Portugal,45,6.210599782463392e-06,-10700.0,5900.0,16600.0
217,Bulgaria,Romania,483,6.666043766510707e-05,-1700.0,5900.0,7600.0
218,Bulgaria,Slovakia,191,2.6360545743344618e-05,-8100.0,5900.0,14000.0
219,Bulgaria,Slovenia,41,5.658546468466645e-06,-12300.0,5900.0,18200.0
220,Bulgaria,Spain,216,2.981087895582428e-05,-16400.0,5900.0,22300.0
221,Bulgaria,Sweden,95,1.3111266207422715e-05,-38800.0,5900.0,44700.0
222,Bulgaria,Switzerland,89,1.2283186236427597e-05,-59400.0,5900.0,65300.0
223,Bulgaria,United Kingdom,3495,0.00048235658310465676,-29500.0,5900.0,35400.0
288,Czechia,Austria,3404,0.0003238074890279773,-24100.0,14900.0,39000.0
289,Czechia,Belgium,601,5.7170476176796225e-05,-20900.0,14900.0,35800.0
290,Czechia,Bulgaria,9144,0.0008698283430293255,9000.0,14900.0,5900.0
291,Czechia,Croatia,2567,0.00024418737495147404,4600.0,14900.0,10300.0
292,Czechia,Cyprus,95,9.036930510475277e-06,-5800.0,14900.0,20700.0
294,Czechia,Denmark,324,3.0820689319936736e-05,-32200.0,14900.0,47100.0
295,Czechia,Estonia,141,1.3412707389231726e-05,-300.0,14900.0,15200.0
296,Czechia,Finland,285,2.7110791531425832e-05,-22700.0,14900.0,37600.0
297,Czechia,France,3027,0.0002879451437390386,-17500.0,14900.0,32400.0
298,Czechia,Germany,18552,0.0017647698403193404,-21400.0,14900.0,36300.0
299,Czechia,Greece,1092,0.0001038771380783053,-1500.0,14900.0,16400.0
300,Czechia,Hungary,1522,0.00014478113933624601,4200.0,14900.0,10700.0
301,Czechia,Iceland,32,3.0440186982653566e-06,-26000.0,14900.0,40900.0
302,Czechia,Ireland,685,6.516102525974279e-05,-27100.0,14900.0,42000.0
303,Czechia,Italy,3503,0.00033322492187573576,-11800.0,14900.0,26700.0
304,Czechia,Latvia,357,3.3959833602522884e-05,3100.0,14900.0,11800.0
305,Czechia,Liechtenstein,1,9.51255843207924e-08,-118300.0,14900.0,133200.0
306,Czechia,Lithuania,606,5.7646104098400185e-05,2400.0,14900.0,12500.0
307,Czechia,Luxembourg,23,2.187888439378225e-06,-74300.0,14900.0,89200.0
308,Czechia,Malta,24,2.2830140236990175e-06,-4700.0,14900.0,19600.0
309,Czechia,Netherlands,2874,0.0002733909293379573,-24900.0,14900.0,39800.0
310,Czechia,Norway,206,1.959587037008323e-05,-58400.0,14900.0,73300.0
311,Czechia,Poland,19455,0.0018506682429610159,4200.0,14900.0,10700.0
312,Czechia,Portugal,309,2.9393805555124848e-05,-1700.0,14900.0,16600.0
313,Czechia,Romania,6227,0.0005923470135655742,7300.0,14900.0,7600.0
314,Czechia,Slovakia,91032,0.008659472191890373,900.0,14900.0,14000.0
315,Czechia,Slovenia,342,3.2532949837711e-05,-3300.0,14900.0,18200.0
316,Czechia,Spain,982,9.341332380301813e-05,-7400.0,14900.0,22300.0
317,Czechia,Sweden,729,6.934655096985765e-05,-29800.0,14900.0,44700.0
318,Czechia,Switzerland,556,5.2889824882360566e-05,-50400.0,14900.0,65300.0
319,Czechia,United Kingdom,5377,0.0005114902668929007,-20500.0,14900.0,35400.0
320,Denmark,Austria,1284,0.00022817600473411899,8100.0,47100.0,39000.0
321,Denmark,Belgium,1025,0.0001821498480159439,11300.0,47100.0,35800.0
322,Denmark,Bulgaria,6090,0.0010822366579679007,41200.0,47100.0,5900.0
323,Denmark,Croatia,640,0.0001137325880294674,36800.0,47100.0,10300.0
324,Denmark,Cyprus,65,1.1550965971742783e-05,26400.0,47100.0,20700.0
325,Denmark,Czechia,966,0.00017166512505697735,32200.0,47100.0,14900.0
327,Denmark,Estonia,1402,0.000249145450652052,31900.0,47100.0,15200.0
328,Denmark,Finland,2483,0.00044124690012057433,9500.0,47100.0,37600.0
329,Denmark,France,5775,0.0010262588997971473,14700.0,47100.0,32400.0
330,Denmark,Germany,22707,0.004035196681851744,10800.0,47100.0,36300.0
331,Denmark,Greece,1848,0.0003284028479350871,30700.0,47100.0,16400.0
332,Denmark,Hungary,3311,0.0005883884358836978,36400.0,47100.0,10700.0
333,Denmark,Iceland,8152,0.0014486688400253411,6200.0,47100.0,40900.0
334,Denmark,Ireland,1543,0.00027420216145229405,5100.0,47100.0,42000.0
335,Denmark,Italy,6395,0.0011364373444506938,20400.0,47100.0,26700.0
336,Denmark,Latvia,4516,0.0008025255742829294,35300.0,47100.0,11800.0
337,Denmark,Liechtenstein,4,7.108286751841713e-07,-86100.0,47100.0,133200.0
338,Denmark,Lithuania,9662,0.0017170066649073658,34600.0,47100.0,12500.0
339,Denmark,Luxembourg,38,6.752872414249627e-06,-42100.0,47100.0,89200.0
340,Denmark,Malta,58,1.0307015790170483e-05,27500.0,47100.0,19600.0
341,Denmark,Netherlands,6930,0.0012315106797565767,7300.0,47100.0,39800.0
342,Denmark,Norway,15504,0.002755171945013848,-26200.0,47100.0,73300.0
343,Denmark,Poland,29303,0.005207353167230443,36400.0,47100.0,10700.0
344,Denmark,Portugal,1768,0.0003141862744314037,30500.0,47100.0,16600.0
345,Denmark,Romania,15424,0.0027409553715101644,39500.0,47100.0,7600.0
346,Denmark,Slovakia,1539,0.0002734913327771099,33100.0,47100.0,14000.0
347,Denmark,Slovenia,336,5.9709608715470384e-05,28900.0,47100.0,18200.0
348,Denmark,Spain,5112,0.0009084390468853708,24800.0,47100.0,22300.0
349,Denmark,Sweden,13856,0.002462310530837969,2400.0,47100.0,44700.0
350,Denmark,Switzerland,1450,0.00025767539475426206,-18200.0,47100.0,65300.0
351,Denmark,United Kingdom,15781,0.0028043968307703516,11700.0,47100.0,35400.0
352,Estonia,Austria,18,1.3679693027688458e-05,-23800.0,15200.0,39000.0
353,Estonia,Belgium,34,2.5839420163411534e-05,-20600.0,15200.0,35800.0
354,Estonia,Bulgaria,90,6.83984651384423e-05,9300.0,15200.0,5900.0
355,Estonia,Croatia,13,9.879778297774998e-06,4900.0,15200.0,10300.0
356,Estonia,Cyprus,3,2.2799488379480763e-06,-5500.0,15200.0,20700.0
357,Estonia,Czechia,25,1.8999573649567303e-05,300.0,15200.0,14900.0
358,Estonia,Denmark,107,8.131817522014807e-05,-31900.0,15200.0,47100.0
360,Estonia,Finland,1729,0.0013140105136040746,-22400.0,15200.0,37600.0
361,Estonia,France,136,0.00010335768065364614,-17200.0,15200.0,32400.0
362,Estonia,Germany,508,0.0003860713365592076,-21100.0,15200.0,36300.0
363,Estonia,Greece,29,2.203950543349807e-05,-1200.0,15200.0,16400.0
364,Estonia,Hungary,45,3.419923256922115e-05,4500.0,15200.0,10700.0
365,Estonia,Iceland,12,9.119795351792305e-06,-25700.0,15200.0,40900.0
366,Estonia,Ireland,46,3.4959215515203836e-05,-26800.0,15200.0,42000.0
367,Estonia,Italy,246,0.00018695580471174227,-11500.0,15200.0,26700.0
368,Estonia,Latvia,2086,0.0015853244253198958,3400.0,15200.0,11800.0
369,Estonia,Liechtenstein,0,0.0,-118000.0,15200.0,133200.0
370,Estonia,Lithuania,1452,0.001103495237566869,2700.0,15200.0,12500.0
371,Estonia,Luxembourg,2,1.5199658919653843e-06,-74000.0,15200.0,89200.0
372,Estonia,Malta,0,0.0,-4400.0,15200.0,19600.0
373,Estonia,Netherlands,113,8.587807289604422e-05,-24600.0,15200.0,39800.0
374,Estonia,Norway,84,6.383856746254614e-05,-58100.0,15200.0,73300.0
375,Estonia,Poland,212,0.00016111638454833073,4500.0,15200.0,10700.0
376,Estonia,Portugal,36,2.7359386055376916e-05,-1400.0,15200.0,16600.0
377,Estonia,Romania,43,3.267926667725576e-05,7600.0,15200.0,7600.0
378,Estonia,Slovakia,12,9.119795351792305e-06,1200.0,15200.0,14000.0
379,Estonia,Slovenia,7,5.319880621878845e-06,-3000.0,15200.0,18200.0
380,Estonia,Spain,119,9.043797057194036e-05,-7100.0,15200.0,22300.0
381,Estonia,Sweden,368,0.0002796737241216307,-29500.0,15200.0,44700.0
382,Estonia,Switzerland,30,2.2799488379480763e-05,-50100.0,15200.0,65300.0
383,Estonia,United Kingdom,351,0.00026675401403992494,-20200.0,15200.0,35400.0
384,Finland,Austria,438,8.034824912359873e-05,-1400.0,37600.0,39000.0
385,Finland,Belgium,368,6.750720474311491e-05,1800.0,37600.0,35800.0
386,Finland,Bulgaria,1509,0.0002768162281450011,31700.0,37600.0,5900.0
387,Finland,Croatia,311,5.705092574757809e-05,27300.0,37600.0,10300.0
388,Finland,Cyprus,54,9.905948522087513e-06,16900.0,37600.0,20700.0
389,Finland,Czechia,451,8.273301450854571e-05,22700.0,37600.0,14900.0
390,Finland,Denmark,691,0.00012675945238449022,-9500.0,37600.0,47100.0
391,Finland,Estonia,44774,0.008213498872739746,22400.0,37600.0,15200.0
393,Finland,France,1881,0.00034505720685271504,5200.0,37600.0,32400.0
394,Finland,Germany,3974,0.0007290044338291811,1300.0,37600.0,36300.0
395,Finland,Greece,740,0.0001357481834508289,21200.0,37600.0,16400.0
396,Finland,Hungary,1784,0.00032726318821118747,26900.0,37600.0,10700.0
397,Finland,Iceland,134,2.4581427814069016e-05,-3300.0,37600.0,40900.0
398,Finland,Ireland,521,9.557405888902953e-05,-4400.0,37600.0,42000.0
399,Finland,Italy,1997,0.0003663366518260882,10900.0,37600.0,26700.0
400,Finland,Latvia,1472,0.00027002881897245963,25800.0,37600.0,11800.0
401,Finland,Liechtenstein,1,1.8344349114976876e-07,-95600.0,37600.0,133200.0
402,Finland,Lithuania,1191,0.0002184811979593746,25100.0,37600.0,12500.0
403,Finland,Luxembourg,17,3.1185393495460692e-06,-51600.0,37600.0,89200.0
404,Finland,Malta,18,3.301982840695838e-06,18000.0,37600.0,19600.0
405,Finland,Netherlands,1215,0.00022288384174696906,-2200.0,37600.0,39800.0
406,Finland,Norway,770,0.00014125148818532195,-35700.0,37600.0,73300.0
407,Finland,Poland,3319,0.0006088489471260826,26900.0,37600.0,10700.0
408,Finland,Portugal,493,9.0437641136836e-05,21000.0,37600.0,16600.0
409,Finland,Romania,1918,0.0003518446160252565,30000.0,37600.0,7600.0
410,Finland,Slovakia,341,6.255423048207116e-05,23600.0,37600.0,14000.0
411,Finland,Slovenia,93,1.7060244676928494e-05,19400.0,37600.0,18200.0
412,Finland,Spain,1983,0.00036376844294999146,15300.0,37600.0,22300.0
413,Finland,Sweden,8382,0.0015376233428173619,-7100.0,37600.0,44700.0
414,Finland,Switzerland,470,8.621844084039133e-05,-27700.0,37600.0,65300.0
415,Finland,United Kingdom,4048,0.0007425792521742639,2200.0,37600.0,35400.0
416,France,Austria,4712,7.121484484927149e-05,-6600.0,32400.0,39000.0
417,France,Belgium,97526,0.0014739598808934742,-3400.0,32400.0,35800.0
418,France,Bulgaria,17669,0.00026704055467779666,26500.0,32400.0,5900.0
419,France,Croatia,3450,5.21415990513554e-05,22100.0,32400.0,10300.0
420,France,Cyprus,376,5.6826786212491675e-06,11700.0,32400.0,20700.0
421,France,Czechia,4374,6.61064794929358e-05,17500.0,32400.0,14900.0
422,France,Denmark,5151,7.784967440971932e-05,-14700.0,32400.0,47100.0
423,France,Estonia,744,1.1244449186727076e-05,17200.0,32400.0,15200.0
424,France,Finland,3201,4.837833581547496e-05,-5200.0,32400.0,37600.0
426,France,Germany,90801,0.0013723215465107597,-3900.0,32400.0,36300.0
427,France,Greece,7258,0.00010969383359847463,16000.0,32400.0,16400.0
428,France,Hungary,6260,9.461055364101008e-05,21700.0,32400.0,10700.0
430,France,Ireland,9091,0.0001373968918770643,-9600.0,32400.0,42000.0
431,France,Italy,181398,0.0027415599375993525,5700.0,32400.0,26700.0
432,France,Latvia,1774,2.681136136727666e-05,20600.0,32400.0,11800.0
434,France,Lithuania,2501,3.779888093548981e-05,19900.0,32400.0,12500.0
435,France,Luxembourg,5289,7.993533837177353e-05,-56800.0,32400.0,89200.0
436,France,Malta,224,3.3854255615952487e-06,12800.0,32400.0,19600.0
437,France,Netherlands,38348,0.0005795727653395295,-7400.0,32400.0,39800.0
439,France,Poland,54226,0.0008195450290315355,21700.0,32400.0,10700.0
440,France,Portugal,530667,0.00802023940399583,15800.0,32400.0,16600.0
441,France,Romania,86837,0.001312411604876101,24800.0,32400.0,7600.0
442,France,Slovakia,4166,6.296287004288306e-05,18400.0,32400.0,14000.0
443,France,Slovenia,936,1.4146242525237289e-05,14200.0,32400.0,18200.0
444,France,Spain,144676,0.0021865617345953312,10100.0,32400.0,22300.0
445,France,Sweden,8014,0.00012111964486885859,-12300.0,32400.0,44700.0
447,France,United Kingdom,152304,0.0023018475657732265,-3000.0,32400.0,35400.0
448,Germany,Austria,164763,0.002039967505231655,-2700.0,36300.0,39000.0
449,Germany,Belgium,23371,0.0002893615712554943,500.0,36300.0,35800.0
450,Germany,Bulgaria,147192,0.001822417029491195,30400.0,36300.0,5900.0
451,Germany,Croatia,222502,0.0027548469610838215,26000.0,36300.0,10300.0
452,Germany,Cyprus,1614,1.9983294510562996e-05,15600.0,36300.0,20700.0
453,Germany,Czechia,45035,0.0005575883942275121,21400.0,36300.0,14900.0
454,Germany,Denmark,19331,0.0002393414288622635,-10800.0,36300.0,47100.0
455,Germany,Estonia,5851,7.244253790663203e-05,21100.0,36300.0,15200.0
456,Germany,Finland,12450,0.00015414623089003056,-1300.0,36300.0,37600.0
457,Germany,France,111655,0.0013824254947812338,3900.0,36300.0,32400.0
459,Germany,Greece,294119,0.003641553034790755,19900.0,36300.0,16400.0
460,Germany,Hungary,132284,0.0016378377515708276,25600.0,36300.0,10700.0
461,Germany,Iceland,1532,1.8968034194660787e-05,-4600.0,36300.0,40900.0
462,Germany,Ireland,11260,0.00013941257508608387,-5700.0,36300.0,42000.0
463,Germany,Italy,515771,0.006385875956014615,9600.0,36300.0,26700.0
464,Germany,Latvia,26600,0.00032934054149998495,24500.0,36300.0,11800.0
465,Germany,Liechtenstein,250,3.0953058411652724e-06,-96900.0,36300.0,133200.0
466,Germany,Lithuania,35500,0.00043953342944546864,23800.0,36300.0,12500.0
467,Germany,Luxembourg,14450,0.00017890867761935272,-52900.0,36300.0,89200.0
468,Germany,Malta,561,6.945866307574871e-06,16700.0,36300.0,19600.0
469,Germany,Netherlands,131470,0.0016277594357519934,-3500.0,36300.0,39800.0
470,Germany,Norway,5824,7.210824487578619e-05,-37000.0,36300.0,73300.0
471,Germany,Poland,580096,0.007182298148946439,25600.0,36300.0,10700.0
472,Germany,Portugal,118734,0.0014700721749796696,19700.0,36300.0,16600.0
473,Germany,Romania,260542,0.0032258286978755295,28700.0,36300.0,7600.0
474,Germany,Slovakia,39396,0.00048777067567418826,22300.0,36300.0,14000.0
475,Germany,Slovenia,23713,0.0002935959496462084,18100.0,36300.0,18200.0
476,Germany,Spain,130230,0.0016124067187798137,14000.0,36300.0,22300.0
477,Germany,Sweden,16805,0.0002080664586431296,-8400.0,36300.0,44700.0
478,Germany,Switzerland,37407,0.00046314442240187733,-29000.0,36300.0,65300.0
479,Germany,United Kingdom,94375,0.0011684779550398903,900.0,36300.0,35400.0
512,Hungary,Austria,3917,0.0003965632534587919,-28300.0,10700.0,39000.0
513,Hungary,Belgium,848,8.585285650575837e-05,-25100.0,10700.0,35800.0
514,Hungary,Bulgaria,638,6.4592125531455e-05,4800.0,10700.0,5900.0
515,Hungary,Croatia,650,6.580702444427233e-05,400.0,10700.0,10300.0
516,Hungary,Cyprus,179,1.812224211619192e-05,-10000.0,10700.0,20700.0
517,Hungary,Czechia,469,4.7482299175944195e-05,-4200.0,10700.0,14900.0
518,Hungary,Denmark,277,2.8043916570866825e-05,-36400.0,10700.0,47100.0
519,Hungary,Estonia,110,1.1136573367492241e-05,-4500.0,10700.0,15200.0
520,Hungary,Finland,414,4.191401249219807e-05,-26900.0,10700.0,37600.0
521,Hungary,France,2254,0.00022819851245752283,-21700.0,10700.0,32400.0
522,Hungary,Germany,18669,0.0018900789836155695,-25600.0,10700.0,36300.0
523,Hungary,Greece,444,4.495125977424141e-05,-5700.0,10700.0,16400.0
525,Hungary,Iceland,110,1.1136573367492241e-05,-30200.0,10700.0,40900.0
526,Hungary,Ireland,444,4.495125977424141e-05,-31300.0,10700.0,42000.0
527,Hungary,Italy,2323,0.00023518418120622252,-16000.0,10700.0,26700.0
528,Hungary,Latvia,119,1.2047747552105243e-05,-1100.0,10700.0,11800.0
529,Hungary,Liechtenstein,4,4.049663042724451e-07,-122500.0,10700.0,133200.0
530,Hungary,Lithuania,149,1.508499483414858e-05,-1800.0,10700.0,12500.0
531,Hungary,Luxembourg,27,2.7335225538390045e-06,-78500.0,10700.0,89200.0
532,Hungary,Malta,43,4.353387770928785e-06,-8900.0,10700.0,19600.0
533,Hungary,Netherlands,2395,0.00024247357468312652,-29100.0,10700.0,39800.0
534,Hungary,Norway,1010,0.0001022539918287924,-62600.0,10700.0,73300.0
535,Hungary,Poland,1863,0.00018861305621489132,0.0,10700.0,10700.0
536,Hungary,Portugal,367,3.715565841699684e-05,-5900.0,10700.0,16600.0
537,Hungary,Romania,30924,0.0031307944983302734,3100.0,10700.0,7600.0
538,Hungary,Slovakia,8275,0.0008377740419636208,-3300.0,10700.0,14000.0
539,Hungary,Slovenia,271,2.7436467114458156e-05,-7500.0,10700.0,18200.0
540,Hungary,Spain,1112,0.00011258063258773974,-11600.0,10700.0,22300.0
541,Hungary,Sweden,994,0.00010063412661170262,-34000.0,10700.0,44700.0
542,Hungary,Switzerland,879,8.899134536386982e-05,-54600.0,10700.0,65300.0
543,Hungary,United Kingdom,2639,0.0002671765192437457,-24700.0,10700.0,35400.0
544,Iceland,Austria,77,0.00023643492972969654,1900.0,40900.0,39000.0
545,Iceland,Belgium,35,0.00010747042260440751,5100.0,40900.0,35800.0
546,Iceland,Bulgaria,112,0.00034390535233410404,35000.0,40900.0,5900.0
547,Iceland,Croatia,31,9.518808859247523e-05,30600.0,40900.0,10300.0
548,Iceland,Cyprus,0,0.0,20200.0,40900.0,20700.0
549,Iceland,Czechia,156,0.0004790110264653592,26000.0,40900.0,14900.0
550,Iceland,Denmark,915,0.0028095839052295108,-6200.0,40900.0,47100.0
551,Iceland,Estonia,95,0.0002917054327833918,25700.0,40900.0,15200.0
552,Iceland,Finland,108,0.00033162301832217176,3300.0,40900.0,37600.0
553,Iceland,France,301,0.0009242456343979046,8500.0,40900.0,32400.0
554,Iceland,Germany,910,0.0027942309877145954,4600.0,40900.0,36300.0
555,Iceland,Greece,27,8.290575458054294e-05,24500.0,40900.0,16400.0
556,Iceland,Hungary,155,0.00047594044296237614,30200.0,40900.0,10700.0
558,Iceland,Ireland,68,0.00020879967820284888,-1100.0,40900.0,42000.0
559,Iceland,Italy,194,0.000595693199578716,14200.0,40900.0,26700.0
560,Iceland,Latvia,696,0.002137126118076218,29100.0,40900.0,11800.0
561,Iceland,Liechtenstein,1,3.070583502983072e-06,-92300.0,40900.0,133200.0
562,Iceland,Lithuania,1659,0.005094098031448916,28400.0,40900.0,12500.0
563,Iceland,Luxembourg,5,1.535291751491536e-05,-48300.0,40900.0,89200.0
564,Iceland,Malta,3,9.211750508949215e-06,21300.0,40900.0,19600.0
565,Iceland,Netherlands,147,0.0004513757749385116,1100.0,40900.0,39800.0
566,Iceland,Norway,253,0.0007768576262547172,-32400.0,40900.0,73300.0
567,Iceland,Poland,10224,0.031393645734498925,30200.0,40900.0,10700.0
568,Iceland,Portugal,527,0.0016181975060720788,24300.0,40900.0,16600.0
569,Iceland,Romania,231,0.0007093047891890896,33300.0,40900.0,7600.0
570,Iceland,Slovakia,189,0.0005803402820638006,26900.0,40900.0,14000.0
571,Iceland,Slovenia,19,5.8341086556678365e-05,22700.0,40900.0,18200.0
572,Iceland,Spain,325,0.0009979396384694984,18600.0,40900.0,22300.0
573,Iceland,Sweden,315,0.0009672338034396676,-3800.0,40900.0,44700.0
574,Iceland,Switzerland,52,0.00015967034215511974,-24400.0,40900.0,65300.0
575,Iceland,United Kingdom,614,0.0018853382708316061,5500.0,40900.0,35400.0
608,Italy,Austria,6332,0.00010417443340920803,-12300.0,26700.0,39000.0
609,Italy,Belgium,5468,8.995985500340328e-05,-9100.0,26700.0,35800.0
610,Italy,Bulgaria,54932,0.0009037444687357257,20800.0,26700.0,5900.0
611,Italy,Croatia,17999,0.00029612059806259243,16400.0,26700.0,10300.0
612,Italy,Cyprus,180,2.961370501209325e-06,6000.0,26700.0,20700.0
613,Italy,Czechia,5908,9.719876067302607e-05,11800.0,26700.0,14900.0
614,Italy,Denmark,1996,3.283830844674341e-05,-20400.0,26700.0,47100.0
615,Italy,Estonia,1085,1.7850483298956208e-05,11500.0,26700.0,15200.0
616,Italy,Finland,1640,2.698137567768496e-05,-10900.0,26700.0,37600.0
617,Italy,France,29078,0.0004783929524120264,-5700.0,26700.0,32400.0
618,Italy,Germany,38136,0.0006274156968562156,-9600.0,26700.0,36300.0
619,Italy,Greece,7081,0.00011649702510590683,10300.0,26700.0,16400.0
620,Italy,Hungary,7483,0.00012311075255860767,16000.0,26700.0,10700.0
621,Italy,Iceland,142,2.3361922842873565e-06,-14200.0,26700.0,40900.0
622,Italy,Ireland,2652,4.363085871781739e-05,-15300.0,26700.0,42000.0
624,Italy,Latvia,2608,4.290696815085511e-05,14900.0,26700.0,11800.0
625,Italy,Liechtenstein,18,2.961370501209325e-07,-106500.0,26700.0,133200.0
626,Italy,Lithuania,4772,7.850922239872722e-05,14200.0,26700.0,12500.0
627,Italy,Luxembourg,244,4.01430223497264e-06,-62500.0,26700.0,89200.0
628,Italy,Malta,689,1.1335468196295694e-05,7100.0,26700.0,19600.0
629,Italy,Netherlands,7856,0.000129247370319447,-13100.0,26700.0,39800.0
630,Italy,Norway,992,1.6320441873331392e-05,-46600.0,26700.0,73300.0
631,Italy,Poland,97566,0.0016051615240054945,16000.0,26700.0,10700.0
632,Italy,Portugal,5517,9.076600586206582e-05,10100.0,26700.0,16600.0
633,Italy,Romania,1081400,0.017791255888932024,19100.0,26700.0,7600.0
634,Italy,Slovakia,8370,0.0001377037283062336,12700.0,26700.0,14000.0
635,Italy,Slovenia,2602,4.2808255800814796e-05,8500.0,26700.0,18200.0
636,Italy,Spain,20682,0.00034026147058895145,4400.0,26700.0,22300.0
637,Italy,Sweden,3053,5.0228134112178164e-05,-18000.0,26700.0,44700.0
638,Italy,Switzerland,8312,0.0001367495089225106,-38600.0,26700.0,65300.0
639,Italy,United Kingdom,26377,0.0004339559428355465,-8700.0,26700.0,35400.0
640,Latvia,Austria,23,1.1491565191149696e-05,-27200.0,11800.0,39000.0
641,Latvia,Belgium,30,1.4988998075412647e-05,-24000.0,11800.0,35800.0
642,Latvia,Bulgaria,183,9.143288826001715e-05,5900.0,11800.0,5900.0
643,Latvia,Croatia,6,2.9977996150825293e-06,1500.0,11800.0,10300.0
644,Latvia,Cyprus,2,9.99266538360843e-07,-8900.0,11800.0,20700.0
645,Latvia,Czechia,19,9.49303211442801e-06,-3100.0,11800.0,14900.0
646,Latvia,Denmark,134,6.695085807017649e-05,-35300.0,11800.0,47100.0
647,Latvia,Estonia,697,0.0003482443886187538,-3400.0,11800.0,15200.0
648,Latvia,Finland,117,5.845709249410932e-05,-25800.0,11800.0,37600.0
649,Latvia,France,92,4.5966260764598784e-05,-20600.0,11800.0,32400.0
650,Latvia,Germany,595,0.00029728179516235083,-24500.0,11800.0,36300.0
651,Latvia,Greece,14,6.994865768525902e-06,-4600.0,11800.0,16400.0
652,Latvia,Hungary,21,1.0492298652788854e-05,1100.0,11800.0,10700.0
653,Latvia,Iceland,22,1.0991931921969275e-05,-29100.0,11800.0,40900.0
654,Latvia,Ireland,42,2.0984597305577707e-05,-30200.0,11800.0,42000.0
655,Latvia,Italy,154,7.694352345378493e-05,-14900.0,11800.0,26700.0
657,Latvia,Liechtenstein,0,0.0,-121400.0,11800.0,133200.0
658,Latvia,Lithuania,2948,0.0014729188775438828,-700.0,11800.0,12500.0
659,Latvia,Luxembourg,1,4.996332691804215e-07,-77400.0,11800.0,89200.0
660,Latvia,Malta,2,9.99266538360843e-07,-7800.0,11800.0,19600.0
661,Latvia,Netherlands,95,4.746516057214005e-05,-28000.0,11800.0,39800.0
662,Latvia,Norway,132,6.595159153181564e-05,-61500.0,11800.0,73300.0
663,Latvia,Poland,219,0.00010941968595051232,1100.0,11800.0,10700.0
664,Latvia,Portugal,22,1.0991931921969275e-05,-4800.0,11800.0,16600.0
665,Latvia,Romania,51,2.54812967282015e-05,4200.0,11800.0,7600.0
666,Latvia,Slovakia,13,6.4952324993454805e-06,-2200.0,11800.0,14000.0
667,Latvia,Slovenia,4,1.998533076721686e-06,-6400.0,11800.0,18200.0
668,Latvia,Spain,65,3.2476162496727403e-05,-10500.0,11800.0,22300.0
669,Latvia,Sweden,243,0.00012141088441084244,-32900.0,11800.0,44700.0
670,Latvia,Switzerland,14,6.994865768525902e-06,-53500.0,11800.0,65300.0
671,Latvia,United Kingdom,243,0.00012141088441084244,-23600.0,11800.0,35400.0
672,Liechtenstein,Austria,2165,0.05831021573433166,94200.0,133200.0,39000.0
673,Liechtenstein,Belgium,18,0.000484796250908993,97400.0,133200.0,35800.0
674,Liechtenstein,Bulgaria,4,0.00010773250020199844,127300.0,133200.0,5900.0
675,Liechtenstein,Croatia,126,0.003393573756362951,122900.0,133200.0,10300.0
676,Liechtenstein,Cyprus,0,0.0,112500.0,133200.0,20700.0
677,Liechtenstein,Czechia,15,0.00040399687575749414,118300.0,133200.0,14900.0
678,Liechtenstein,Denmark,23,0.000619461876161491,86100.0,133200.0,47100.0
679,Liechtenstein,Estonia,2,5.386625010099922e-05,118000.0,133200.0,15200.0
680,Liechtenstein,Finland,6,0.00016159875030299765,95600.0,133200.0,37600.0
681,Liechtenstein,France,73,0.0019661181286864714,100800.0,133200.0,32400.0
682,Liechtenstein,Germany,1448,0.03899916507312343,96900.0,133200.0,36300.0
683,Liechtenstein,Greece,56,0.001508255002827978,116800.0,133200.0,16400.0
684,Liechtenstein,Hungary,37,0.0009965256268684856,122500.0,133200.0,10700.0
685,Liechtenstein,Iceland,1,2.693312505049961e-05,92300.0,133200.0,40900.0
686,Liechtenstein,Ireland,16,0.00043093000080799375,91200.0,133200.0,42000.0
687,Liechtenstein,Italy,1164,0.031350157558781545,106500.0,133200.0,26700.0
688,Liechtenstein,Latvia,2,5.386625010099922e-05,121400.0,133200.0,11800.0
690,Liechtenstein,Lithuania,3,8.079937515149882e-05,120700.0,133200.0,12500.0
691,Liechtenstein,Luxembourg,5,0.00013466562525249804,44000.0,133200.0,89200.0
692,Liechtenstein,Malta,2,5.386625010099922e-05,113600.0,133200.0,19600.0
693,Liechtenstein,Netherlands,68,0.0018314525034339735,93400.0,133200.0,39800.0
694,Liechtenstein,Norway,6,0.00016159875030299765,59900.0,133200.0,73300.0
695,Liechtenstein,Poland,27,0.0007271943763634894,122500.0,133200.0,10700.0
696,Liechtenstein,Portugal,680,0.018314525034339734,116600.0,133200.0,16600.0
697,Liechtenstein,Romania,12,0.0003231975006059953,125600.0,133200.0,7600.0
698,Liechtenstein,Slovakia,25,0.0006733281262624902,119200.0,133200.0,14000.0
699,Liechtenstein,Slovenia,47,0.0012658568773734817,115000.0,133200.0,18200.0
700,Liechtenstein,Spain,346,0.009318861267472865,110900.0,133200.0,22300.0
701,Liechtenstein,Sweden,20,0.0005386625010099921,88500.0,133200.0,44700.0
702,Liechtenstein,Switzerland,3598,0.09690538393169759,67900.0,133200.0,65300.0
703,Liechtenstein,United Kingdom,54,0.0014543887527269789,97800.0,133200.0,35400.0
704,Lithuania,Austria,22,7.474166562481315e-06,-26500.0,12500.0,39000.0
705,Lithuania,Belgium,35,1.1890719531220274e-05,-23300.0,12500.0,35800.0
706,Lithuania,Bulgaria,58,1.970462093745074e-05,6600.0,12500.0,5900.0
707,Lithuania,Croatia,1,3.3973484374915064e-07,2200.0,12500.0,10300.0
708,Lithuania,Cyprus,2,6.794696874983013e-07,-8200.0,12500.0,20700.0
709,Lithuania,Czechia,27,9.172840781227068e-06,-2400.0,12500.0,14900.0
710,Lithuania,Denmark,105,3.567215859366082e-05,-34600.0,12500.0,47100.0
711,Lithuania,Estonia,112,3.8050302499904876e-05,-2700.0,12500.0,15200.0
712,Lithuania,Finland,44,1.494833312496263e-05,-25100.0,12500.0,37600.0
713,Lithuania,France,122,4.144765093739638e-05,-19900.0,12500.0,32400.0
714,Lithuania,Germany,371,0.0001260416270309349,-23800.0,12500.0,36300.0
715,Lithuania,Greece,25,8.493371093728766e-06,-3900.0,12500.0,16400.0
716,Lithuania,Hungary,18,6.115227187484712e-06,1800.0,12500.0,10700.0
717,Lithuania,Iceland,18,6.115227187484712e-06,-28400.0,12500.0,40900.0
718,Lithuania,Ireland,53,1.8005946718704985e-05,-29500.0,12500.0,42000.0
719,Lithuania,Italy,149,5.062049171862345e-05,-14200.0,12500.0,26700.0
720,Lithuania,Latvia,659,0.00022388526203069028,700.0,12500.0,11800.0
721,Lithuania,Liechtenstein,0,0.0,-120700.0,12500.0,133200.0
723,Lithuania,Luxembourg,2,6.794696874983013e-07,-76700.0,12500.0,89200.0
724,Lithuania,Malta,3,1.019204531247452e-06,-7100.0,12500.0,19600.0
725,Lithuania,Netherlands,48,1.630727249995923e-05,-27300.0,12500.0,39800.0
726,Lithuania,Norway,71,2.4121173906189696e-05,-60800.0,12500.0,73300.0
727,Lithuania,Poland,1231,0.00041821359265520444,1800.0,12500.0,10700.0
728,Lithuania,Portugal,33,1.1211249843721971e-05,-4100.0,12500.0,16600.0
729,Lithuania,Romania,216,7.338272624981655e-05,4900.0,12500.0,7600.0
730,Lithuania,Slovakia,23,7.813901406230465e-06,-1500.0,12500.0,14000.0
731,Lithuania,Slovenia,1,3.3973484374915064e-07,-5700.0,12500.0,18200.0
732,Lithuania,Spain,153,5.197943109362005e-05,-9800.0,12500.0,22300.0
733,Lithuania,Sweden,53,1.8005946718704985e-05,-32200.0,12500.0,44700.0
734,Lithuania,Switzerland,20,6.794696874983013e-06,-52800.0,12500.0,65300.0
735,Lithuania,United Kingdom,145,4.9261552343626845e-05,-22900.0,12500.0,35400.0
864,Netherlands,Austria,3988,0.00023696782436857553,800.0,39800.0,39000.0
865,Netherlands,Belgium,28810,0.0017118964443477082,4000.0,39800.0,35800.0
866,Netherlands,Bulgaria,17846,0.0010604131879843528,33900.0,39800.0,5900.0
867,Netherlands,Croatia,1765,0.00010487668255028481,29500.0,39800.0,10300.0
868,Netherlands,Cyprus,319,1.8955049140816346e-05,19100.0,39800.0,20700.0
869,Netherlands,Czechia,3170,0.00018836208707331606,24900.0,39800.0,14900.0
870,Netherlands,Denmark,2832,0.00016827805381439465,-7300.0,39800.0,47100.0
871,Netherlands,Estonia,971,5.7697030456842235e-05,24600.0,39800.0,15200.0
872,Netherlands,Finland,2481,0.00014742155773782244,2200.0,39800.0,37600.0
873,Netherlands,France,18734,0.0011131783404515782,7400.0,39800.0,32400.0
874,Netherlands,Germany,72240,0.00429251645746888,3500.0,39800.0,36300.0
875,Netherlands,Greece,12697,0.0007544584919778845,23400.0,39800.0,16400.0
876,Netherlands,Hungary,10280,0.0006108398281115738,29100.0,39800.0,10700.0
877,Netherlands,Iceland,384,2.281736322907046e-05,-1100.0,39800.0,40900.0
878,Netherlands,Ireland,4799,0.0002851576201466384,-2200.0,39800.0,42000.0
879,Netherlands,Italy,25003,0.001485683679209502,13100.0,39800.0,26700.0
880,Netherlands,Latvia,3287,0.00019531425243217345,28000.0,39800.0,11800.0
881,Netherlands,Liechtenstein,6,3.5652130045422594e-07,-93400.0,39800.0,133200.0
882,Netherlands,Lithuania,4572,0.0002716692309461202,27300.0,39800.0,12500.0
883,Netherlands,Luxembourg,399,2.3708666480206026e-05,-49400.0,39800.0,89200.0
884,Netherlands,Malta,207,1.2299984865670796e-05,20200.0,39800.0,19600.0
886,Netherlands,Norway,2115,0.00012567375841011466,-33500.0,39800.0,73300.0
887,Netherlands,Poland,85785,0.005097363293244296,29100.0,39800.0,10700.0
888,Netherlands,Portugal,18060,0.00107312911436722,23200.0,39800.0,16600.0
889,Netherlands,Romania,9986,0.0005933702843893167,32200.0,39800.0,7600.0
890,Netherlands,Slovakia,3941,0.00023417507418168408,25800.0,39800.0,14000.0
891,Netherlands,Slovenia,835,4.961588097987978e-05,21600.0,39800.0,18200.0
892,Netherlands,Spain,23883,0.0014191330364580464,17500.0,39800.0,22300.0
893,Netherlands,Sweden,3822,0.00022710406838934193,-4900.0,39800.0,44700.0
894,Netherlands,Switzerland,2218,0.00013179404073457887,-25500.0,39800.0,65300.0
895,Netherlands,United Kingdom,42309,0.0025140099501529743,4400.0,39800.0,35400.0
928,Norway,Austria,1187,0.000232381944294896,34300.0,73300.0,39000.0
929,Norway,Belgium,1067,0.00020888924562986863,37500.0,73300.0,35800.0
930,Norway,Bulgaria,4576,0.0008958549090930448,67400.0,73300.0,5900.0
931,Norway,Croatia,1102,0.00021574128274050162,63000.0,73300.0,10300.0
932,Norway,Cyprus,67,1.3116756754640297e-05,52600.0,73300.0,20700.0
933,Norway,Czechia,1554,0.0003042304477121048,58400.0,73300.0,14900.0
934,Norway,Denmark,22789,0.004461459248977578,26200.0,73300.0,47100.0
935,Norway,Estonia,4877,0.0009547824282444885,58100.0,73300.0,15200.0
936,Norway,Finland,6312,0.0012357159497804412,35700.0,73300.0,37600.0
937,Norway,France,5395,0.0010561925774818569,40900.0,73300.0,32400.0
938,Norway,Germany,24523,0.004800928744687224,37000.0,73300.0,36300.0
939,Norway,Greece,1677,0.0003283104638437579,56900.0,73300.0,16400.0
940,Norway,Hungary,2653,0.0005193844129859807,62600.0,73300.0,10700.0
941,Norway,Iceland,8735,0.0017100726903251193,32400.0,73300.0,40900.0
942,Norway,Ireland,1078,0.00021104274300749612,31300.0,73300.0,42000.0
943,Norway,Italy,3746,0.0007333637433266052,46600.0,73300.0,26700.0
944,Norway,Latvia,9424,0.0018449599351601518,61500.0,73300.0,11800.0
945,Norway,Liechtenstein,4,7.830899555009133e-07,-59900.0,73300.0,133200.0
946,Norway,Lithuania,35739,0.006996712979911785,60800.0,73300.0,12500.0
947,Norway,Luxembourg,32,6.2647196440073065e-06,-15900.0,73300.0,89200.0
948,Norway,Malta,51,9.984396932636644e-06,53700.0,73300.0,19600.0
949,Norway,Netherlands,7983,0.0015628517786909477,33500.0,73300.0,39800.0
951,Norway,Poland,85544,0.01674716178834253,62600.0,73300.0,10700.0
952,Norway,Portugal,3153,0.0006172706574235949,56700.0,73300.0,16600.0
953,Norway,Romania,9924,0.001942846179597766,65700.0,73300.0,7600.0
954,Norway,Slovakia,3647,0.0007139822669279577,59300.0,73300.0,14000.0
955,Norway,Slovenia,271,5.3054344485186874e-05,55100.0,73300.0,18200.0
956,Norway,Spain,5798,0.0011350888904985738,51000.0,73300.0,22300.0
957,Norway,Sweden,44006,0.008615164145443298,28600.0,73300.0,44700.0
958,Norway,Switzerland,1281,0.0002507845582491675,8000.0,73300.0,65300.0
959,Norway,United Kingdom,15873,0.003107496715916499,37900.0,73300.0,35400.0
992,Portugal,Austria,537,5.149942444358324e-05,-22400.0,16600.0,39000.0
993,Portugal,Belgium,1881,0.00018039183869344522,-19200.0,16600.0,35800.0
994,Portugal,Bulgaria,7553,0.0007243485154979222,10700.0,16600.0,5900.0
995,Portugal,Croatia,101,9.68611148752683e-06,6300.0,16600.0,10300.0
996,Portugal,Cyprus,13,1.2467272211668198e-06,-4100.0,16600.0,20700.0
997,Portugal,Czechia,231,2.2153383699195026e-05,1700.0,16600.0,14900.0
998,Portugal,Denmark,515,4.938957837699324e-05,-30500.0,16600.0,47100.0
999,Portugal,Estonia,109,1.0453328239014104e-05,1400.0,16600.0,15200.0
1000,Portugal,Finland,397,3.8073131292555955e-05,-21000.0,16600.0,37600.0
1001,Portugal,France,5268,0.0005052122308543697,-15800.0,16600.0,32400.0
1002,Portugal,Germany,8581,0.0008229358680640369,-19700.0,16600.0,36300.0
1003,Portugal,Greece,170,1.6303355969104565e-05,200.0,16600.0,16400.0
1004,Portugal,Hungary,424,4.06624878288255e-05,5900.0,16600.0,10700.0
1005,Portugal,Iceland,51,4.8910067907313694e-06,-24300.0,16600.0,40900.0
1006,Portugal,Ireland,805,7.720118561840691e-05,-25400.0,16600.0,42000.0
1007,Portugal,Italy,5121,0.000491114623045791,-10100.0,16600.0,26700.0
1008,Portugal,Latvia,335,3.212720146852958e-05,4800.0,16600.0,11800.0
1009,Portugal,Liechtenstein,1,9.59020939359092e-08,-116600.0,16600.0,133200.0
1010,Portugal,Lithuania,532,5.1019913973903695e-05,4100.0,16600.0,12500.0
1011,Portugal,Luxembourg,122,1.1700055460180923e-05,-72600.0,16600.0,89200.0
1012,Portugal,Malta,18,1.7262376908463657e-06,-3000.0,16600.0,19600.0
1013,Portugal,Netherlands,4991,0.00047864735083412283,-23200.0,16600.0,39800.0
1014,Portugal,Norway,455,4.3635452740838686e-05,-56700.0,16600.0,73300.0
1015,Portugal,Poland,1238,0.0001187267922926556,5900.0,16600.0,10700.0
1017,Portugal,Romania,34204,0.0032802352209838383,9000.0,16600.0,7600.0
1018,Portugal,Slovakia,174,1.6686964344848203e-05,2600.0,16600.0,14000.0
1019,Portugal,Slovenia,71,6.809048669449554e-06,-1600.0,16600.0,18200.0
1020,Portugal,Spain,9541,0.0009150018782425098,-5700.0,16600.0,22300.0
1021,Portugal,Sweden,1189,0.00011402758968979604,-28100.0,16600.0,44700.0
1022,Portugal,Switzerland,1055,0.00010117670910238421,-48700.0,16600.0,65300.0
1023,Portugal,United Kingdom,16474,0.0015798910955001683,-18800.0,16600.0,35400.0
1024,Romania,Austria,1010,5.063339113728161e-05,-31400.0,7600.0,39000.0
1025,Romania,Belgium,341,1.7095036017636662e-05,-28200.0,7600.0,35800.0
1026,Romania,Bulgaria,1137,5.700016408226653e-05,1700.0,7600.0,5900.0
1027,Romania,Croatia,94,4.712414620697496e-06,-2700.0,7600.0,10300.0
1028,Romania,Cyprus,142,7.118754001479197e-06,-13100.0,7600.0,20700.0
1029,Romania,Czechia,155,7.770470917107574e-06,-7300.0,7600.0,14900.0
1030,Romania,Denmark,166,8.321923691870047e-06,-39500.0,7600.0,47100.0
1031,Romania,Estonia,15,7.519810564942814e-07,-7600.0,7600.0,15200.0
1032,Romania,Finland,55,2.757263873812365e-06,-30000.0,7600.0,37600.0
1033,Romania,France,2107,0.00010562827240223006,-24800.0,7600.0,32400.0
1034,Romania,Germany,2637,0.00013219826973169467,-28700.0,7600.0,36300.0
1035,Romania,Greece,1262,6.326667288638554e-05,-8800.0,7600.0,16400.0
1036,Romania,Hungary,1632,8.181553894657781e-05,-3100.0,7600.0,10700.0
1037,Romania,Iceland,5,2.5066035216476046e-07,-33300.0,7600.0,40900.0
1038,Romania,Ireland,105,5.2638673954599695e-06,-34400.0,7600.0,42000.0
1039,Romania,Italy,5554,0.0002784335191846159,-19100.0,7600.0,26700.0
1040,Romania,Latvia,31,1.5540941834215148e-06,-4200.0,7600.0,11800.0
1041,Romania,Liechtenstein,3,1.5039621129885627e-07,-125600.0,7600.0,133200.0
1042,Romania,Lithuania,79,3.9604335642032155e-06,-4900.0,7600.0,12500.0
1043,Romania,Luxembourg,13,6.517169156283772e-07,-81600.0,7600.0,89200.0
1044,Romania,Malta,4,2.0052828173180835e-07,-12000.0,7600.0,19600.0
1045,Romania,Netherlands,600,3.0079242259771256e-05,-32200.0,7600.0,39800.0
1046,Romania,Norway,129,6.46703708585082e-06,-65700.0,7600.0,73300.0
1047,Romania,Poland,543,2.7221714245092984e-05,-3100.0,7600.0,10700.0
1048,Romania,Portugal,393,1.970190368015017e-05,-9000.0,7600.0,16600.0
1050,Romania,Slovakia,101,5.063339113728161e-06,-6400.0,7600.0,14000.0
1051,Romania,Slovenia,36,1.8047545355862753e-06,-10600.0,7600.0,18200.0
1052,Romania,Spain,836,4.191041088194795e-05,-14700.0,7600.0,22300.0
1053,Romania,Sweden,390,1.9551507468851317e-05,-37100.0,7600.0,44700.0
1054,Romania,Switzerland,241,1.2081828974341454e-05,-57700.0,7600.0,65300.0
1055,Romania,United Kingdom,1180,5.915584311088347e-05,-27800.0,7600.0,35400.0
1056,Slovakia,Austria,1805,0.00033327492559475725,-25000.0,14000.0,39000.0
1057,Slovakia,Belgium,387,7.145562116629975e-05,-21800.0,14000.0,35800.0
1058,Slovakia,Bulgaria,1595,0.000294500557520021,8100.0,14000.0,5900.0
1059,Slovakia,Croatia,482,8.899640672391856e-05,3700.0,14000.0,10300.0
1060,Slovakia,Cyprus,35,6.462394679122717e-06,-6700.0,14000.0,20700.0
1061,Slovakia,Czechia,11443,0.0021128337803771784,-900.0,14000.0,14900.0
1062,Slovakia,Denmark,212,3.914364777068617e-05,-33100.0,14000.0,47100.0
1063,Slovakia,Estonia,42,7.75487361494726e-06,-1200.0,14000.0,15200.0
1064,Slovakia,Finland,124,2.2895341148891912e-05,-23600.0,14000.0,37600.0
1065,Slovakia,France,1355,0.0002501869940060366,-18400.0,14000.0,32400.0
1066,Slovakia,Germany,3571,0.000659348897118492,-22300.0,14000.0,36300.0
1067,Slovakia,Greece,316,5.834619196007939e-05,-2400.0,14000.0,16400.0
1068,Slovakia,Hungary,8134,0.0015018605234281195,3300.0,14000.0,10700.0
1069,Slovakia,Iceland,31,5.723835287222978e-06,-26900.0,14000.0,40900.0
1070,Slovakia,Ireland,189,3.489693126726267e-05,-28000.0,14000.0,42000.0
1071,Slovakia,Italy,2011,0.00037131073427759383,-12700.0,14000.0,26700.0
1072,Slovakia,Latvia,127,2.3449260692816714e-05,2200.0,14000.0,11800.0
1073,Slovakia,Liechtenstein,3,5.539195439248043e-07,-119200.0,14000.0,133200.0
1074,Slovakia,Lithuania,110,2.0310383277242826e-05,1500.0,14000.0,12500.0
1075,Slovakia,Luxembourg,7,1.2924789358245434e-06,-75200.0,14000.0,89200.0
1076,Slovakia,Malta,19,3.508157111523761e-06,-5600.0,14000.0,19600.0
1077,Slovakia,Netherlands,435,8.031833386909662e-05,-25800.0,14000.0,39800.0
1078,Slovakia,Norway,627,0.0001157691846802841,-59300.0,14000.0,73300.0
1079,Slovakia,Poland,5070,0.0009361240292329192,3300.0,14000.0,10700.0
1080,Slovakia,Portugal,154,2.8434536588139955e-05,-2600.0,14000.0,16600.0
1081,Slovakia,Romania,4941,0.0009123054888441527,6400.0,14000.0,7600.0
1083,Slovakia,Slovenia,209,3.858972822676137e-05,-4200.0,14000.0,18200.0
1084,Slovakia,Spain,574,0.00010598327273761256,-8300.0,14000.0,22300.0
1085,Slovakia,Sweden,261,4.8191000321457975e-05,-30700.0,14000.0,44700.0
1086,Slovakia,Switzerland,288,5.317627621678121e-05,-51300.0,14000.0,65300.0
1087,Slovakia,United Kingdom,1566,0.00028914600192874785,-21400.0,14000.0,35400.0
1088,Slovenia,Austria,405,0.0001964984462067309,-20800.0,18200.0,39000.0
1089,Slovenia,Belgium,56,2.7170155524881313e-05,-17600.0,18200.0,35800.0
1090,Slovenia,Bulgaria,2079,0.0010086920238612188,12300.0,18200.0,5900.0
1091,Slovenia,Croatia,8707,0.004224474002770385,7900.0,18200.0,10300.0
1092,Slovenia,Cyprus,1,4.851813486585948e-07,-2500.0,18200.0,20700.0
1093,Slovenia,Czechia,156,7.56882903907408e-05,3300.0,18200.0,14900.0
1094,Slovenia,Denmark,28,1.3585077762440656e-05,-28900.0,18200.0,47100.0
1095,Slovenia,Estonia,23,1.1159171019147682e-05,3000.0,18200.0,15200.0
1096,Slovenia,Finland,32,1.5525803157075034e-05,-19400.0,18200.0,37600.0
1097,Slovenia,France,250,0.00012129533716464872,-14200.0,18200.0,32400.0
1098,Slovenia,Germany,871,0.0004225929546816361,-18100.0,18200.0,36300.0
1099,Slovenia,Greece,27,1.3099896413782061e-05,1800.0,18200.0,16400.0
1100,Slovenia,Hungary,279,0.00013536559627574796,7500.0,18200.0,10700.0
1101,Slovenia,Iceland,2,9.703626973171896e-07,-22700.0,18200.0,40900.0
1102,Slovenia,Ireland,39,1.89220725976852e-05,-23800.0,18200.0,42000.0
1103,Slovenia,Italy,1400,0.0006792538881220328,-8500.0,18200.0,26700.0
1104,Slovenia,Latvia,24,1.1644352367806277e-05,6400.0,18200.0,11800.0
1105,Slovenia,Liechtenstein,0,0.0,-115000.0,18200.0,133200.0
1106,Slovenia,Lithuania,24,1.1644352367806277e-05,5700.0,18200.0,12500.0
1107,Slovenia,Luxembourg,1,4.851813486585948e-07,-71000.0,18200.0,89200.0
1108,Slovenia,Malta,4,1.9407253946343793e-06,-1400.0,18200.0,19600.0
1109,Slovenia,Netherlands,153,7.423274634476502e-05,-21600.0,18200.0,39800.0
1110,Slovenia,Norway,8,3.881450789268759e-06,-55100.0,18200.0,73300.0
1111,Slovenia,Poland,248,0.00012032497446733153,7500.0,18200.0,10700.0
1112,Slovenia,Portugal,44,2.1347979340978174e-05,1600.0,18200.0,16600.0
1113,Slovenia,Romania,411,0.0001994095342986825,10600.0,18200.0,7600.0
1114,Slovenia,Slovakia,485,0.0002353129540994185,4200.0,18200.0,14000.0
1116,Slovenia,Spain,99,4.803295351720089e-05,-4100.0,18200.0,22300.0
1117,Slovenia,Sweden,63,3.056642496549148e-05,-26500.0,18200.0,44700.0
1118,Slovenia,Switzerland,87,4.221077733329775e-05,-47100.0,18200.0,65300.0
1119,Slovenia,United Kingdom,409,0.0001984391716013653,-17200.0,18200.0,35400.0
1121,Spain,Belgium,30942,0.0006652448317913328,-13500.0,22300.0,35800.0
1122,Spain,Bulgaria,139931,0.003008479560383718,16400.0,22300.0,5900.0
1126,Spain,Denmark,11596,0.0002493109388356375,-24800.0,22300.0,47100.0
1128,Spain,Finland,11620,0.0002498269325000093,-15300.0,22300.0,37600.0
1129,Spain,France,99486,0.0021389227372371707,-10100.0,22300.0,32400.0
1130,Spain,Germany,148502,0.003192753797772494,-14000.0,22300.0,36300.0
1134,Spain,Ireland,15345,0.00032991344915771453,-19700.0,22300.0,42000.0
1135,Spain,Italy,180822,0.003887625265793174,-4400.0,22300.0,26700.0
1138,Spain,Lithuania,18460,0.00039688512684597,9800.0,22300.0,12500.0
1141,Spain,Netherlands,46366,0.0009968567600942711,-17500.0,22300.0,39800.0
1142,Spain,Norway,16717,0.00035941108697096864,-51000.0,22300.0,73300.0
1143,Spain,Poland,70272,0.001510829449280607,11600.0,22300.0,10700.0
1144,Spain,Portugal,108984,0.0023431272299123075,5700.0,22300.0,16600.0
1145,Spain,Romania,728252,0.015657225752753596,14700.0,22300.0,7600.0
1149,Spain,Sweden,20655,0.0004440770473999735,-22400.0,22300.0,44700.0
1150,Spain,Switzerland,14421,0.00031004769307940055,-43000.0,22300.0,65300.0
1151,Spain,United Kingdom,310051,0.006666014651339104,-13100.0,22300.0,35400.0
1152,Sweden,Austria,3192,0.000330953344702424,5700.0,44700.0,39000.0
1153,Sweden,Belgium,1339,0.0001388303660891434,8900.0,44700.0,35800.0
1154,Sweden,Bulgaria,4967,0.000514989117524104,38800.0,44700.0,5900.0
1155,Sweden,Croatia,2525,0.00026179736697168565,34400.0,44700.0,10300.0
1156,Sweden,Cyprus,252,2.6127895634401894e-05,24000.0,44700.0,20700.0
1157,Sweden,Czechia,1396,0.00014474024724454382,29800.0,44700.0,14900.0
1158,Sweden,Denmark,39284,0.004073048619451762,-2400.0,44700.0,47100.0
1159,Sweden,Estonia,4254,0.000441063762018832,29500.0,44700.0,15200.0
1160,Sweden,Finland,62752,0.006506260741468205,7100.0,44700.0,37600.0
1161,Sweden,France,6947,0.0007202797260801189,12300.0,44700.0,32400.0
1162,Sweden,Germany,28124,0.002915956098499678,8400.0,44700.0,36300.0
1163,Sweden,Greece,7126,0.0007388388265505869,28300.0,44700.0,16400.0
1164,Sweden,Hungary,5911,0.0006128650440275778,34000.0,44700.0,10700.0
1165,Sweden,Iceland,4537,0.0004704058035447675,3800.0,44700.0,40900.0
1166,Sweden,Ireland,2230,0.0002312111399393501,2700.0,44700.0,42000.0
1167,Sweden,Italy,7362,0.0007633078081764554,18000.0,44700.0,26700.0
1168,Sweden,Latvia,4790,0.0004966373813047027,32900.0,44700.0,11800.0
1169,Sweden,Liechtenstein,11,1.1405033808667494e-06,-88500.0,44700.0,133200.0
1170,Sweden,Lithuania,9534,0.0009885053848348716,32200.0,44700.0,12500.0
1171,Sweden,Luxembourg,44,4.562013523466998e-06,-44500.0,44700.0,89200.0
1172,Sweden,Malta,102,1.0575576804400768e-05,25100.0,44700.0,19600.0
1173,Sweden,Netherlands,9195,0.0009533571442790691,4900.0,44700.0,39800.0
1174,Sweden,Norway,34575,0.00358480949031526,-28600.0,44700.0,73300.0
1175,Sweden,Poland,46057,0.00477528765568908,34000.0,44700.0,10700.0
1176,Sweden,Portugal,2023,0.00020974893995394855,28100.0,44700.0,16600.0
1177,Sweden,Romania,12014,0.001245637056157557,37100.0,44700.0,7600.0
1178,Sweden,Slovakia,1252,0.00012981002116774275,30700.0,44700.0,14000.0
1179,Sweden,Slovenia,720,7.465113038400542e-05,26500.0,44700.0,18200.0
1180,Sweden,Spain,7073,0.0007333436738973199,22400.0,44700.0,22300.0
1182,Sweden,Switzerland,1981,0.00020539429068154824,-20600.0,44700.0,65300.0
1183,Sweden,United Kingdom,18760,0.0019450766750054745,9300.0,44700.0,35400.0
1184,Switzerland,Austria,39494,0.004852062704070983,26300.0,65300.0,39000.0
1185,Switzerland,Belgium,12091,0.0014854481732648568,29500.0,65300.0,35800.0
1186,Switzerland,Bulgaria,5167,0.0006347953611164929,59400.0,65300.0,5900.0
1187,Switzerland,Croatia,30471,0.003743535794190179,55000.0,65300.0,10300.0
1188,Switzerland,Cyprus,280,3.4399593789939616e-05,44600.0,65300.0,20700.0
1189,Switzerland,Czechia,6219,0.0007640395492129803,50400.0,65300.0,14900.0
1190,Switzerland,Denmark,4779,0.0005871273525790052,18200.0,65300.0,47100.0
1191,Switzerland,Estonia,601,7.383627095626325e-05,50100.0,65300.0,15200.0
1192,Switzerland,Finland,3696,0.00045407463802720296,27700.0,65300.0,37600.0
1193,Switzerland,France,110103,0.013526780268049007,32900.0,65300.0,32400.0
1194,Switzerland,Germany,292291,0.03590961310162586,29000.0,65300.0,36300.0
1195,Switzerland,Greece,9788,0.0012025115143426035,48900.0,65300.0,16400.0
1196,Switzerland,Hungary,11596,0.001424634605671928,54600.0,65300.0,10700.0
1197,Switzerland,Iceland,429,5.270509191387177e-05,24400.0,65300.0,40900.0
1198,Switzerland,Ireland,3773,0.00046353452631943637,23300.0,65300.0,42000.0
1199,Switzerland,Italy,298875,0.03671849497845787,38600.0,65300.0,26700.0
1200,Switzerland,Latvia,1808,0.00022212309132932438,53500.0,65300.0,11800.0
1201,Switzerland,Liechtenstein,1706,0.00020959181073441783,-67900.0,65300.0,133200.0
1202,Switzerland,Lithuania,1396,0.00017150654618127038,52800.0,65300.0,12500.0
1203,Switzerland,Luxembourg,1401,0.000172120824641805,-23900.0,65300.0,89200.0
1204,Switzerland,Malta,176,2.1622601810819187e-05,45700.0,65300.0,19600.0
1205,Switzerland,Netherlands,20144,0.0024748050618019417,25500.0,65300.0,39800.0
1206,Switzerland,Norway,1898,0.00023318010361894783,-8000.0,65300.0,73300.0
1207,Switzerland,Poland,18116,0.002225653718209093,54600.0,65300.0,10700.0
1208,Switzerland,Portugal,253227,0.031110378345160856,48700.0,65300.0,16600.0
1209,Switzerland,Romania,10059,0.0012358054069035807,57700.0,65300.0,7600.0
1210,Switzerland,Slovakia,9726,0.001194894461431974,51300.0,65300.0,14000.0
1211,Switzerland,Slovenia,3423,0.00042053503408201183,47100.0,65300.0,18200.0
1212,Switzerland,Spain,75333,0.009255087853491148,43000.0,65300.0,22300.0
1213,Switzerland,Sweden,7949,0.0009765798965579644,20600.0,65300.0,44700.0
1215,Switzerland,United Kingdom,40898,0.005024552095789109,29900.0,65300.0,35400.0
1257,United Kingdom,France,156508,0.0024320912850689055,3000.0,35400.0,32400.0
1258,United Kingdom,Germany,128378,0.001994958819961765,-900.0,35400.0,36300.0
1260,United Kingdom,Hungary,74544,0.0011583932626714065,24700.0,35400.0,10700.0
1262,United Kingdom,Ireland,337013,0.005237089351694015,-6600.0,35400.0,42000.0
1263,United Kingdom,Italy,136822,0.0021261762581190596,8700.0,35400.0,26700.0
1264,United Kingdom,Latvia,90279,0.0014029108360258627,23600.0,35400.0,11800.0
1266,United Kingdom,Lithuania,163314,0.002537854653626289,22900.0,35400.0,12500.0
1269,United Kingdom,Netherlands,68291,0.0010612233620558734,-4400.0,35400.0,39800.0
1271,United Kingdom,Poland,748710,0.011634747527563704,24700.0,35400.0,10700.0
1272,United Kingdom,Portugal,145875,0.0022668573888199105,18800.0,35400.0,16600.0
1273,United Kingdom,Romania,137036,0.00212950175927558,27800.0,35400.0,7600.0
1276,United Kingdom,Spain,93154,0.0014475875454884658,13100.0,35400.0,22300.0
